panel,run,case,implementation,s1,s2,s3,s4,alpha,p00,p01,p10,p11,theory_u1,theory_u2,measured_u1,measured_u2,common_payoff,payoff_asymmetry,squared_distance_to_theory
A,1,"Case 1a (BoS), pure",pure,0.25,0.6,1.0,0.0,pi/4,0.01171875,0.4892578125,0.4931640625,0.005859375,0.8,0.8,0.7896484374999999,0.7880859375,0.7888671875,0.0015624999999999112,0.00024909973144531634
A,2,"Case 1a (BoS), pure",pure,0.25,0.6,1.0,0.0,pi/4,0.0087890625,0.5107421875,0.4755859375,0.0048828125,0.8,0.8,0.784228515625,0.798291015625,0.791259765625,-0.014062500000000089,0.0002516603469848661
A,3,"Case 1a (BoS), pure",pure,0.25,0.6,1.0,0.0,pi/4,0.0087890625,0.4853515625,0.5,0.005859375,0.8,0.8,0.793408203125,0.787548828125,0.790478515625,0.005859375,0.00019848346710205078
A,4,"Case 1a (BoS), pure",pure,0.25,0.6,1.0,0.0,pi/4,0.009765625,0.48046875,0.50390625,0.005859375,0.8,0.8,0.79462890625,0.7852539062499999,0.78994140625,0.009375000000000133,0.000246295928955082
A,5,"Case 1a (BoS), pure",pure,0.25,0.6,1.0,0.0,pi/4,0.0107421875,0.4951171875,0.4833984375,0.0107421875,0.8,0.8,0.783154296875,0.787841796875,0.785498046875,-0.004687499999999956,0.0004315996170043956
A,6,"Case 1a (BoS), pure",pure,0.25,0.6,1.0,0.0,pi/4,0.009765625,0.509765625,0.470703125,0.009765625,0.8,0.8,0.77900390625,0.79462890625,0.78681640625,-0.015625,0.0004696846008300781
A,7,"Case 1a (BoS), pure",pure,0.25,0.6,1.0,0.0,pi/4,0.005859375,0.4814453125,0.505859375,0.0068359375,0.8,0.8,0.79619140625,0.78642578125,0.79130859375,0.009765625,0.00019876480102539373
A,8,"Case 1a (BoS), pure",pure,0.25,0.6,1.0,0.0,pi/4,0.0107421875,0.470703125,0.5048828125,0.013671875,0.8,0.8,0.789990234375,0.776318359375,0.783154296875,0.013671875,0.000661015510559082
A,9,"Case 1a (BoS), pure",pure,0.25,0.6,1.0,0.0,pi/4,0.0048828125,0.4814453125,0.50390625,0.009765625,0.8,0.8,0.793994140625,0.7850097656249999,0.7895019531249999,0.008984375000000044,0.00026077747344971207
A,10,"Case 1a (BoS), pure",pure,0.25,0.6,1.0,0.0,pi/4,0.0068359375,0.4853515625,0.4990234375,0.0087890625,0.8,0.8,0.791943359375,0.7864746093749999,0.789208984375,0.005468750000000133,0.00024784564971924185
A,11,"Case 1a (BoS), pure",pure,0.25,0.6,1.0,0.0,pi/4,0.005859375,0.5029296875,0.484375,0.0068359375,0.8,0.8,0.78759765625,0.7950195312499999,0.79130859375,-0.007421874999999911,0.00017862319946289305
A,12,"Case 1a (BoS), pure",pure,0.25,0.6,1.0,0.0,pi/4,0.0078125,0.5087890625,0.478515625,0.0048828125,0.8,0.8,0.7857421874999999,0.7978515625,0.791796875,-0.012109375000000089,0.00020790100097656648
A,13,"Case 1a (BoS), pure",pure,0.25,0.6,1.0,0.0,pi/4,0.0068359375,0.490234375,0.4912109375,0.01171875,0.8,0.8,0.787060546875,0.786669921875,0.786865234375,0.0003906250000000888,0.00034512042999267816
A,14,"Case 1a (BoS), pure",pure,0.25,0.6,1.0,0.0,pi/4,0.005859375,0.5009765625,0.486328125,0.0068359375,0.8,0.8,0.78837890625,0.79423828125,0.79130859375,-0.005859375,0.00016824722290039373
A,15,"Case 1a (BoS), pure",pure,0.25,0.6,1.0,0.0,pi/4,0.00390625,0.474609375,0.51953125,0.001953125,0.8,0.8,0.8052734374999999,0.7873046875,0.7962890625,0.017968749999999867,0.0001889801025390611
A,16,"Case 1a (BoS), pure",pure,0.25,0.6,1.0,0.0,pi/4,0.0068359375,0.4931640625,0.4912109375,0.0087890625,0.8,0.8,0.788818359375,0.789599609375,0.789208984375,-0.0007812499999999556,0.00023319721221924113
A,17,"Case 1a (BoS), pure",pure,0.25,0.6,1.0,0.0,pi/4,0.0126953125,0.51171875,0.4697265625,0.005859375,0.8,0.8,0.779931640625,0.7967285156249999,0.788330078125,-0.016796874999999933,0.0004134416580200231
A,18,"Case 1a (BoS), pure",pure,0.25,0.6,1.0,0.0,pi/4,0.0068359375,0.4794921875,0.5048828125,0.0087890625,0.8,0.8,0.7942871093749999,0.784130859375,0.789208984375,0.010156249999999867,0.0002844667434692398
A,19,"Case 1a (BoS), pure",pure,0.25,0.6,1.0,0.0,pi/4,0.0126953125,0.4716796875,0.5087890625,0.0068359375,0.8,0.8,0.794970703125,0.7801269531249999,0.7875488281249999,0.014843750000000044,0.00042023181915283825
A,20,"Case 1a (BoS), pure",pure,0.25,0.6,1.0,0.0,pi/4,0.009765625,0.4736328125,0.509765625,0.0068359375,0.8,0.8,0.79638671875,0.78193359375,0.78916015625,0.014453124999999956,0.00033945083618164095
A,21,"Case 1a (BoS), pure",pure,0.25,0.6,1.0,0.0,pi/4,0.0068359375,0.4912109375,0.4921875,0.009765625,0.8,0.8,0.788623046875,0.788232421875,0.7884277343749999,0.0003906249999999778,0.00026791095733642937
A,22,"Case 1a (BoS), pure",pure,0.25,0.6,1.0,0.0,pi/4,0.005859375,0.4921875,0.49609375,0.005859375,0.8,0.8,0.79287109375,0.79130859375,0.7920898437499999,0.0015625000000000222,0.00012636184692383062
A,23,"Case 1a (BoS), pure",pure,0.25,0.6,1.0,0.0,pi/4,0.005859375,0.5185546875,0.4658203125,0.009765625,0.8,0.8,0.7784179687499999,0.79951171875,0.78896484375,-0.021093750000000133,0.0004660224914550839
A,24,"Case 1a (BoS), pure",pure,0.25,0.6,1.0,0.0,pi/4,0.0068359375,0.4775390625,0.509765625,0.005859375,0.8,0.8,0.797998046875,0.785107421875,0.791552734375,0.012890624999999933,0.00022579669952392604
A,25,"Case 1a (BoS), pure",pure,0.25,0.6,1.0,0.0,pi/4,0.0068359375,0.5107421875,0.474609375,0.0078125,0.8,0.8,0.782763671875,0.7972167968749999,0.7899902343749999,-0.014453124999999956,0.0003048372268676796
A,26,"Case 1a (BoS), pure",pure,0.25,0.6,1.0,0.0,pi/4,0.005859375,0.5078125,0.4765625,0.009765625,0.8,0.8,0.78271484375,0.79521484375,0.78896484375,-0.012499999999999956,0.0003216743469238305
A,27,"Case 1a (BoS), pure",pure,0.25,0.6,1.0,0.0,pi/4,0.01171875,0.494140625,0.4912109375,0.0029296875,0.8,0.8,0.7906249999999999,0.791796875,0.7912109374999999,-0.0011718750000000444,0.00015518188476562896
A,28,"Case 1a (BoS), pure",pure,0.25,0.6,1.0,0.0,pi/4,0.009765625,0.484375,0.494140625,0.01171875,0.8,0.8,0.7872070312499999,0.7833007812499999,0.7852539062499999,0.00390625,0.000442523956298836
A,29,"Case 1a (BoS), pure",pure,0.25,0.6,1.0,0.0,pi/4,0.0078125,0.4833984375,0.5,0.0087890625,0.8,0.8,0.7919921875,0.7853515625,0.788671875,0.006640624999999956,0.0002787017822265632
A,30,"Case 1a (BoS), pure",pure,0.25,0.6,1.0,0.0,pi/4,0.0009765625,0.513671875,0.4736328125,0.01171875,0.8,0.8,0.7820800781249999,0.798095703125,0.790087890625,-0.01601562500000009,0.00032474994659424325
A,31,"Case 1a (BoS), pure",pure,0.25,0.6,1.0,0.0,pi/4,0.00390625,0.4912109375,0.4990234375,0.005859375,0.8,0.8,0.7947265625,0.7916015624999999,0.7931640624999999,0.0031250000000000444,9.834289550781568e-05
A,32,"Case 1a (BoS), pure",pure,0.25,0.6,1.0,0.0,pi/4,0.0087890625,0.46875,0.515625,0.0068359375,0.8,0.8,0.799072265625,0.780322265625,0.789697265625,0.018750000000000044,0.00038807392120361687
A,33,"Case 1a (BoS), pure",pure,0.25,0.6,1.0,0.0,pi/4,0.0087890625,0.44921875,0.533203125,0.0087890625,0.8,0.8,0.804931640625,0.7713378906249999,0.788134765625,0.03359375000000009,0.0008458375930786204
A,34,"Case 1a (BoS), pure",pure,0.25,0.6,1.0,0.0,pi/4,0.0078125,0.494140625,0.4912109375,0.0068359375,0.8,0.8,0.7896484374999999,0.7908203125,0.7902343749999999,-0.0011718750000000444,0.0001914215087890669
A,35,"Case 1a (BoS), pure",pure,0.25,0.6,1.0,0.0,pi/4,0.005859375,0.498046875,0.4892578125,0.0068359375,0.8,0.8,0.78955078125,0.7930664062499999,0.79130859375,-0.003515624999999911,0.0001572608947753934
A,36,"Case 1a (BoS), pure",pure,0.25,0.6,1.0,0.0,pi/4,0.0087890625,0.5068359375,0.4765625,0.0078125,0.8,0.8,0.782861328125,0.794970703125,0.7889160156249999,-0.012109374999999978,0.00031902790069580396
A,37,"Case 1a (BoS), pure",pure,0.25,0.6,1.0,0.0,pi/4,0.0107421875,0.4970703125,0.48046875,0.01171875,0.8,0.8,0.781396484375,0.788037109375,0.784716796875,-0.006640625000000067,0.0004892015457153346
A,38,"Case 1a (BoS), pure",pure,0.25,0.6,1.0,0.0,pi/4,0.001953125,0.48828125,0.49609375,0.013671875,0.8,0.8,0.78955078125,0.78642578125,0.78798828125,0.0031250000000000444,0.0002934455871582065
A,39,"Case 1a (BoS), pure",pure,0.25,0.6,1.0,0.0,pi/4,0.01171875,0.490234375,0.48828125,0.009765625,0.8,0.8,0.7853515625,0.7861328125,0.7857421875,-0.0007812499999999556,0.00040687561035156373
A,40,"Case 1a (BoS), pure",pure,0.25,0.6,1.0,0.0,pi/4,0.0087890625,0.4873046875,0.4970703125,0.0068359375,0.8,0.8,0.791650390625,0.787744140625,0.789697265625,0.00390625,0.000219922065734866
A,41,"Case 1a (BoS), pure",pure,0.25,0.6,1.0,0.0,pi/4,0.0087890625,0.48046875,0.5048828125,0.005859375,0.8,0.8,0.795361328125,0.785595703125,0.790478515625,0.009765625,0.00022900104522705078
A,42,"Case 1a (BoS), pure",pure,0.25,0.6,1.0,0.0,pi/4,0.005859375,0.5263671875,0.458984375,0.0087890625,0.8,0.8,0.77626953125,0.80322265625,0.78974609375,-0.026953125000000022,0.0005735206604003934
A,43,"Case 1a (BoS), pure",pure,0.25,0.6,1.0,0.0,pi/4,0.0048828125,0.4951171875,0.4912109375,0.0087890625,0.8,0.8,0.789501953125,0.791064453125,0.790283203125,-0.0015624999999999112,0.00019005298614502113
A,44,"Case 1a (BoS), pure",pure,0.25,0.6,1.0,0.0,pi/4,0.0107421875,0.486328125,0.4931640625,0.009765625,0.8,0.8,0.787646484375,0.784912109375,0.786279296875,0.0027343749999999556,0.0003802537918090856
A,45,"Case 1a (BoS), pure",pure,0.25,0.6,1.0,0.0,pi/4,0.0087890625,0.4931640625,0.4912109375,0.0068359375,0.8,0.8,0.789306640625,0.790087890625,0.789697265625,-0.0007812499999999556,0.000212597846984866
A,46,"Case 1a (BoS), pure",pure,0.25,0.6,1.0,0.0,pi/4,0.0078125,0.50390625,0.4794921875,0.0087890625,0.8,0.8,0.7837890624999999,0.7935546874999999,0.7886718749999999,-0.009765625,0.0003043365478515686
A,47,"Case 1a (BoS), pure",pure,0.25,0.6,1.0,0.0,pi/4,0.0068359375,0.49609375,0.490234375,0.0068359375,0.8,0.8,0.789599609375,0.791943359375,0.790771484375,-0.002343750000000089,0.00017307758331299014
A,48,"Case 1a (BoS), pure",pure,0.25,0.6,1.0,0.0,pi/4,0.009765625,0.4755859375,0.5048828125,0.009765625,0.8,0.8,0.79267578125,0.78095703125,0.78681640625,0.01171875,0.0004162788391113281
A,49,"Case 1a (BoS), pure",pure,0.25,0.6,1.0,0.0,pi/4,0.009765625,0.4921875,0.490234375,0.0078125,0.8,0.8,0.78798828125,0.78876953125,0.78837890625,-0.0007812500000000666,0.0002704048156738297
A,50,"Case 1a (BoS), pure",pure,0.25,0.6,1.0,0.0,pi/4,0.0087890625,0.482421875,0.498046875,0.0107421875,0.8,0.8,0.789697265625,0.783447265625,0.786572265625,0.006249999999999978,0.0003801393508911161
A,51,"Case 1a (BoS), pure",pure,0.25,0.6,1.0,0.0,pi/4,0.00390625,0.4736328125,0.5107421875,0.01171875,0.8,0.8,0.7958984375,0.7810546875,0.7884765625,0.014843750000000044,0.00037574768066406624
A,52,"Case 1a (BoS), pure",pure,0.25,0.6,1.0,0.0,pi/4,0.0107421875,0.5185546875,0.4619140625,0.0087890625,0.8,0.8,0.7757324218749999,0.798388671875,0.7870605468749999,-0.022656250000000044,0.0005915117263794013
A,53,"Case 1a (BoS), pure",pure,0.25,0.6,1.0,0.0,pi/4,0.0078125,0.4931640625,0.4892578125,0.009765625,0.8,0.8,0.787109375,0.7886718749999999,0.787890625,-0.0015624999999999112,0.0002944946289062542
A,54,"Case 1a (BoS), pure",pure,0.25,0.6,1.0,0.0,pi/4,0.0087890625,0.458984375,0.525390625,0.0068359375,0.8,0.8,0.802978515625,0.776416015625,0.789697265625,0.026562500000000044,0.0005650758743286172
A,55,"Case 1a (BoS), pure",pure,0.25,0.6,1.0,0.0,pi/4,0.0107421875,0.5,0.486328125,0.0029296875,0.8,0.8,0.789013671875,0.794482421875,0.791748046875,-0.005468749999999911,0.00015114307403564552
A,56,"Case 1a (BoS), pure",pure,0.25,0.6,1.0,0.0,pi/4,0.0087890625,0.4599609375,0.5224609375,0.0087890625,0.8,0.8,0.8006347656249999,0.775634765625,0.788134765625,0.02499999999999991,0.0005940675735473652
A,57,"Case 1a (BoS), pure",pure,0.25,0.6,1.0,0.0,pi/4,0.01171875,0.4765625,0.50390625,0.0078125,0.8,0.8,0.7927734375,0.7818359374999999,0.7873046874999999,0.010937500000000044,0.00038215637207031865
A,58,"Case 1a (BoS), pure",pure,0.25,0.6,1.0,0.0,pi/4,0.009765625,0.4794921875,0.5048828125,0.005859375,0.8,0.8,0.7950195312499999,0.78486328125,0.78994140625,0.010156249999999867,0.00025392532348632947
A,59,"Case 1a (BoS), pure",pure,0.25,0.6,1.0,0.0,pi/4,0.0107421875,0.4736328125,0.5068359375,0.0087890625,0.8,0.8,0.793701171875,0.780419921875,0.787060546875,0.013281250000000022,0.0004230546951293977
A,60,"Case 1a (BoS), pure",pure,0.25,0.6,1.0,0.0,pi/4,0.005859375,0.505859375,0.4775390625,0.0107421875,0.8,0.8,0.78251953125,0.79384765625,0.7881835937499999,-0.011328125000000022,0.00034341812133789455
A,61,"Case 1a (BoS), pure",pure,0.25,0.6,1.0,0.0,pi/4,0.0126953125,0.4765625,0.50390625,0.0068359375,0.8,0.8,0.793017578125,0.7820800781249999,0.7875488281249999,0.010937500000000044,0.0003698778152465881
A,62,"Case 1a (BoS), pure",pure,0.25,0.6,1.0,0.0,pi/4,0.0078125,0.48828125,0.4951171875,0.0087890625,0.8,0.8,0.7900390625,0.7873046875,0.788671875,0.0027343749999999556,0.0002603912353515634
A,63,"Case 1a (BoS), pure",pure,0.25,0.6,1.0,0.0,pi/4,0.005859375,0.4833984375,0.5068359375,0.00390625,0.8,0.8,0.79833984375,0.78896484375,0.79365234375,0.009375000000000022,0.00012453079223632974
A,64,"Case 1a (BoS), pure",pure,0.25,0.6,1.0,0.0,pi/4,0.0068359375,0.494140625,0.4931640625,0.005859375,0.8,0.8,0.7913574218749999,0.791748046875,0.791552734375,-0.0003906250000000888,0.00014278888702392884
A,65,"Case 1a (BoS), pure",pure,0.25,0.6,1.0,0.0,pi/4,0.00390625,0.4921875,0.4990234375,0.0048828125,0.8,0.8,0.7953125,0.7925781249999999,0.7939453125,0.0027343750000000666,7.70568847656276e-05
A,66,"Case 1a (BoS), pure",pure,0.25,0.6,1.0,0.0,pi/4,0.0087890625,0.50390625,0.4755859375,0.01171875,0.8,0.8,0.7801269531249999,0.791455078125,0.785791015625,-0.011328125000000133,0.0004679536819458061
A,67,"Case 1a (BoS), pure",pure,0.25,0.6,1.0,0.0,pi/4,0.0126953125,0.490234375,0.486328125,0.0107421875,0.8,0.8,0.783642578125,0.785205078125,0.784423828125,-0.0015624999999999112,0.00048645496368408467
A,68,"Case 1a (BoS), pure",pure,0.25,0.6,1.0,0.0,pi/4,0.0078125,0.4814453125,0.5048828125,0.005859375,0.8,0.8,0.795703125,0.786328125,0.791015625,0.009374999999999911,0.00020538330078125077
A,69,"Case 1a (BoS), pure",pure,0.25,0.6,1.0,0.0,pi/4,0.0078125,0.5048828125,0.4794921875,0.0078125,0.8,0.8,0.784375,0.7945312499999999,0.789453125,-0.010156249999999867,0.0002740478515625015
A,70,"Case 1a (BoS), pure",pure,0.25,0.6,1.0,0.0,pi/4,0.0078125,0.494140625,0.4892578125,0.0087890625,0.8,0.8,0.7876953124999999,0.7896484374999999,0.7886718749999999,-0.001953125,0.0002585601806640685
A,71,"Case 1a (BoS), pure",pure,0.25,0.6,1.0,0.0,pi/4,0.0078125,0.4736328125,0.5107421875,0.0078125,0.8,0.8,0.796875,0.78203125,0.789453125,0.014843750000000044,0.0003326416015625035
A,72,"Case 1a (BoS), pure",pure,0.25,0.6,1.0,0.0,pi/4,0.0068359375,0.5087890625,0.47265625,0.01171875,0.8,0.8,0.7796386718749999,0.794091796875,0.786865234375,-0.014453125000000067,0.000449490547180182
A,73,"Case 1a (BoS), pure",pure,0.25,0.6,1.0,0.0,pi/4,0.009765625,0.4736328125,0.509765625,0.0068359375,0.8,0.8,0.79638671875,0.78193359375,0.78916015625,0.014453124999999956,0.00033945083618164095
A,74,"Case 1a (BoS), pure",pure,0.25,0.6,1.0,0.0,pi/4,0.0029296875,0.4853515625,0.5009765625,0.0107421875,0.8,0.8,0.792919921875,0.786669921875,0.789794921875,0.006250000000000089,0.0002278184890747094
A,75,"Case 1a (BoS), pure",pure,0.25,0.6,1.0,0.0,pi/4,0.013671875,0.5048828125,0.474609375,0.0068359375,0.8,0.8,0.78095703125,0.7930664062499999,0.78701171875,-0.012109374999999867,0.0004107093811035175
A,76,"Case 1a (BoS), pure",pure,0.25,0.6,1.0,0.0,pi/4,0.009765625,0.498046875,0.48046875,0.01171875,0.8,0.8,0.78173828125,0.78876953125,0.78525390625,-0.007031250000000044,0.00045961380004882975
A,77,"Case 1a (BoS), pure",pure,0.25,0.6,1.0,0.0,pi/4,0.0078125,0.51171875,0.474609375,0.005859375,0.8,0.8,0.78359375,0.7984374999999999,0.791015625,-0.014843749999999933,0.0002716064453125026
A,78,"Case 1a (BoS), pure",pure,0.25,0.6,1.0,0.0,pi/4,0.0107421875,0.4853515625,0.494140625,0.009765625,0.8,0.8,0.788037109375,0.7845214843749999,0.786279296875,0.0035156250000001332,0.0003826951980590861
A,79,"Case 1a (BoS), pure",pure,0.25,0.6,1.0,0.0,pi/4,0.0087890625,0.5107421875,0.47265625,0.0078125,0.8,0.8,0.781298828125,0.796533203125,0.7889160156249999,-0.015234375000000022,0.00036175251007080457
A,80,"Case 1a (BoS), pure",pure,0.25,0.6,1.0,0.0,pi/4,0.00390625,0.5126953125,0.4755859375,0.0078125,0.8,0.8,0.7841796875,0.7990234375,0.7916015625,-0.014843750000000044,0.0002512359619140639
A,81,"Case 1a (BoS), pure",pure,0.25,0.6,1.0,0.0,pi/4,0.0048828125,0.490234375,0.4970703125,0.0078125,0.8,0.8,0.792431640625,0.789697265625,0.791064453125,0.0027343750000000666,0.0001634263992309584
A,82,"Case 1a (BoS), pure",pure,0.25,0.6,1.0,0.0,pi/4,0.0126953125,0.4716796875,0.5087890625,0.0068359375,0.8,0.8,0.794970703125,0.7801269531249999,0.7875488281249999,0.014843750000000044,0.00042023181915283825
A,83,"Case 1a (BoS), pure",pure,0.25,0.6,1.0,0.0,pi/4,0.0078125,0.486328125,0.5009765625,0.0048828125,0.8,0.8,0.7947265625,0.7888671875,0.791796875,0.005859375,0.00015174865722656543
A,84,"Case 1a (BoS), pure",pure,0.25,0.6,1.0,0.0,pi/4,0.005859375,0.4951171875,0.48828125,0.0107421875,0.8,0.8,0.78681640625,0.78955078125,0.78818359375,-0.0027343749999999556,0.00028299331665039156
A,85,"Case 1a (BoS), pure",pure,0.25,0.6,1.0,0.0,pi/4,0.0087890625,0.5107421875,0.4736328125,0.0068359375,0.8,0.8,0.782275390625,0.797119140625,0.789697265625,-0.014843750000000044,0.0003224611282348667
A,86,"Case 1a (BoS), pure",pure,0.25,0.6,1.0,0.0,pi/4,0.0068359375,0.4853515625,0.498046875,0.009765625,0.8,0.8,0.790966796875,0.785888671875,0.788427734375,0.005078125000000044,0.00028072834014892704
A,87,"Case 1a (BoS), pure",pure,0.25,0.6,1.0,0.0,pi/4,0.0078125,0.5048828125,0.478515625,0.0087890625,0.8,0.8,0.7833984375,0.7939453125,0.788671875,-0.010546874999999956,0.00031227111816406304
A,88,"Case 1a (BoS), pure",pure,0.25,0.6,1.0,0.0,pi/4,0.0068359375,0.5,0.48046875,0.0126953125,0.8,0.8,0.782177734375,0.789990234375,0.786083984375,-0.0078125,0.0004178285598754883
A,89,"Case 1a (BoS), pure",pure,0.25,0.6,1.0,0.0,pi/4,0.0048828125,0.5126953125,0.4736328125,0.0087890625,0.8,0.8,0.782470703125,0.798095703125,0.790283203125,-0.015625,0.00031090259552002126
A,90,"Case 1a (BoS), pure",pure,0.25,0.6,1.0,0.0,pi/4,0.009765625,0.4755859375,0.5078125,0.0068359375,0.8,0.8,0.79560546875,0.78271484375,0.78916015625,0.012890625000000044,0.00031808853149414216
A,91,"Case 1a (BoS), pure",pure,0.25,0.6,1.0,0.0,pi/4,0.0126953125,0.4970703125,0.484375,0.005859375,0.8,0.8,0.785791015625,0.7908691406249999,0.788330078125,-0.005078124999999933,0.00028526782989502387
A,92,"Case 1a (BoS), pure",pure,0.25,0.6,1.0,0.0,pi/4,0.0087890625,0.4560546875,0.5283203125,0.0068359375,0.8,0.8,0.804150390625,0.7752441406249999,0.789697265625,0.028906250000000133,0.0006300783157348698
A,93,"Case 1a (BoS), pure",pure,0.25,0.6,1.0,0.0,pi/4,0.0068359375,0.4921875,0.48828125,0.0126953125,0.8,0.8,0.785302734375,0.786865234375,0.786083984375,-0.0015625000000000222,0.0003885316848754914
A,94,"Case 1a (BoS), pure",pure,0.25,0.6,1.0,0.0,pi/4,0.0107421875,0.46875,0.51171875,0.0087890625,0.8,0.8,0.795654296875,0.778466796875,0.787060546875,0.017187500000000022,0.0004825639724731478
A,95,"Case 1a (BoS), pure",pure,0.25,0.6,1.0,0.0,pi/4,0.005859375,0.4775390625,0.5107421875,0.005859375,0.8,0.8,0.79873046875,0.78544921875,0.7920898437499999,0.013281250000000022,0.00021333694458008088
A,96,"Case 1a (BoS), pure",pure,0.25,0.6,1.0,0.0,pi/4,0.0048828125,0.4736328125,0.515625,0.005859375,0.8,0.8,0.801025390625,0.784228515625,0.792626953125,0.016796875000000044,0.00024979114532470975
A,97,"Case 1a (BoS), pure",pure,0.25,0.6,1.0,0.0,pi/4,0.009765625,0.513671875,0.4658203125,0.0107421875,0.8,0.8,0.7764648437499999,0.79560546875,0.78603515625,-0.019140625000000133,0.0005732154846191469
A,98,"Case 1a (BoS), pure",pure,0.25,0.6,1.0,0.0,pi/4,0.009765625,0.50390625,0.4765625,0.009765625,0.8,0.8,0.7813476562499999,0.79228515625,0.7868164062499999,-0.010937500000000044,0.0004074287414550845
A,99,"Case 1a (BoS), pure",pure,0.25,0.6,1.0,0.0,pi/4,0.0087890625,0.5107421875,0.4775390625,0.0029296875,0.8,0.8,0.786181640625,0.799462890625,0.7928222656249999,-0.013281250000000022,0.0001912355422973658
A,100,"Case 1a (BoS), pure",pure,0.25,0.6,1.0,0.0,pi/4,0.0087890625,0.4873046875,0.494140625,0.009765625,0.8,0.8,0.788720703125,0.7859863281249999,0.787353515625,0.0027343750000000666,0.00032360553741455603
B,1,"Case 3a(i) (PD), pure",pure,0.75,0.0,1.0,0.2,pi/4,0.01171875,0.4892578125,0.4931640625,0.005859375,0.5,0.5,0.503125,0.49921875,0.501171875,0.0039062500000000555,1.0375976562500296e-05
B,2,"Case 3a(i) (PD), pure",pure,0.75,0.0,1.0,0.2,pi/4,0.0087890625,0.5107421875,0.4755859375,0.0048828125,0.5,0.5,0.483154296875,0.518310546875,0.500732421875,-0.03515625,0.000619053840637207
B,3,"Case 3a(i) (PD), pure",pure,0.75,0.0,1.0,0.2,pi/4,0.0087890625,0.4853515625,0.5,0.005859375,0.5,0.5,0.507763671875,0.493115234375,0.500439453125,0.014648437500000056,0.0001076745986938485
B,4,"Case 3a(i) (PD), pure",pure,0.75,0.0,1.0,0.2,pi/4,0.009765625,0.48046875,0.50390625,0.005859375,0.5,0.5,0.51240234375,0.48896484375,0.50068359375,0.023437500000000056,0.00027559280395507944
B,5,"Case 3a(i) (PD), pure",pure,0.75,0.0,1.0,0.2,pi/4,0.0107421875,0.4951171875,0.4833984375,0.0107421875,0.5,0.5,0.493603515625,0.505322265625,0.49946289062500004,-0.011718750000000056,6.92415237426764e-05
B,6,"Case 3a(i) (PD), pure",pure,0.75,0.0,1.0,0.2,pi/4,0.009765625,0.509765625,0.470703125,0.009765625,0.5,0.5,0.47998046875,0.51904296875,0.49951171875,-0.0390625,0.0007634162902832031
B,7,"Case 3a(i) (PD), pure",pure,0.75,0.0,1.0,0.2,pi/4,0.005859375,0.4814453125,0.505859375,0.0068359375,0.5,0.5,0.51162109375,0.48720703125,0.4994140625,0.0244140625,0.00029870986938476565
B,8,"Case 3a(i) (PD), pure",pure,0.75,0.0,1.0,0.2,pi/4,0.0107421875,0.470703125,0.5048828125,0.013671875,0.5,0.5,0.515673828125,0.481494140625,0.49858398437499996,0.034179687499999944,0.0005881357192993146
B,9,"Case 3a(i) (PD), pure",pure,0.75,0.0,1.0,0.2,pi/4,0.0048828125,0.4814453125,0.50390625,0.009765625,0.5,0.5,0.509521484375,0.487060546875,0.498291015625,0.0224609375,0.0002580881118774414
B,10,"Case 3a(i) (PD), pure",pure,0.75,0.0,1.0,0.2,pi/4,0.0068359375,0.4853515625,0.4990234375,0.0087890625,0.5,0.5,0.505908203125,0.492236328125,0.49907226562499996,0.013671874999999944,9.518146514892508e-05
B,11,"Case 3a(i) (PD), pure",pure,0.75,0.0,1.0,0.2,pi/4,0.005859375,0.5029296875,0.484375,0.0068359375,0.5,0.5,0.49013671875,0.50869140625,0.4994140625,-0.0185546875,0.00017282485961914068
B,12,"Case 3a(i) (PD), pure",pure,0.75,0.0,1.0,0.2,pi/4,0.0078125,0.5087890625,0.478515625,0.0048828125,0.5,0.5,0.4853515625,0.515625,0.50048828125,-0.0302734375,0.00045871734619140625
B,13,"Case 3a(i) (PD), pure",pure,0.75,0.0,1.0,0.2,pi/4,0.0068359375,0.490234375,0.4912109375,0.01171875,0.5,0.5,0.498681640625,0.497705078125,0.498193359375,0.0009765625,7.004737854004066e-06
B,14,"Case 3a(i) (PD), pure",pure,0.75,0.0,1.0,0.2,pi/4,0.005859375,0.5009765625,0.486328125,0.0068359375,0.5,0.5,0.49208984375,0.50673828125,0.4994140625,-0.0146484375,0.00010797500610351568
B,15,"Case 3a(i) (PD), pure",pure,0.75,0.0,1.0,0.2,pi/4,0.00390625,0.474609375,0.51953125,0.001953125,0.5,0.5,0.5228515625,0.4779296875,0.500390625,0.044921875,0.0010092926025390624
B,16,"Case 3a(i) (PD), pure",pure,0.75,0.0,1.0,0.2,pi/4,0.0068359375,0.4931640625,0.4912109375,0.0087890625,0.5,0.5,0.498095703125,0.500048828125,0.49907226562499996,-0.0019531249999999445,3.628730773925735e-06
B,17,"Case 3a(i) (PD), pure",pure,0.75,0.0,1.0,0.2,pi/4,0.0126953125,0.51171875,0.4697265625,0.005859375,0.5,0.5,0.480419921875,0.522412109375,0.501416015625,-0.041992187500000056,0.0008856821060180687
B,18,"Case 3a(i) (PD), pure",pure,0.75,0.0,1.0,0.2,pi/4,0.0068359375,0.4794921875,0.5048828125,0.0087890625,0.5,0.5,0.511767578125,0.486376953125,0.49907226562499996,0.025390624999999944,0.00032406330108642443
B,19,"Case 3a(i) (PD), pure",pure,0.75,0.0,1.0,0.2,pi/4,0.0126953125,0.4716796875,0.5087890625,0.0068359375,0.5,0.5,0.519677734375,0.482568359375,0.501123046875,0.037109375,0.0006910753250122069
B,20,"Case 3a(i) (PD), pure",pure,0.75,0.0,1.0,0.2,pi/4,0.009765625,0.4736328125,0.509765625,0.0068359375,0.5,0.5,0.51845703125,0.48232421875,0.500390625,0.0361328125,0.0006530952453613281
B,21,"Case 3a(i) (PD), pure",pure,0.75,0.0,1.0,0.2,pi/4,0.0068359375,0.4912109375,0.4921875,0.009765625,0.5,0.5,0.499267578125,0.498291015625,0.498779296875,0.0009765625,3.4570693969726562e-06
B,22,"Case 3a(i) (PD), pure",pure,0.75,0.0,1.0,0.2,pi/4,0.005859375,0.4921875,0.49609375,0.005859375,0.5,0.5,0.50166015625,0.49775390625,0.49970703125000004,0.0039062500000000555,7.801055908203323e-06
B,23,"Case 3a(i) (PD), pure",pure,0.75,0.0,1.0,0.2,pi/4,0.005859375,0.5185546875,0.4658203125,0.009765625,0.5,0.5,0.47216796875,0.52490234375,0.49853515625,-0.052734375,0.0013947486877441406
B,24,"Case 3a(i) (PD), pure",pure,0.75,0.0,1.0,0.2,pi/4,0.0068359375,0.4775390625,0.509765625,0.005859375,0.5,0.5,0.516064453125,0.483837890625,0.49995117187500004,0.032226562500000056,0.000519280433654787
B,25,"Case 3a(i) (PD), pure",pure,0.75,0.0,1.0,0.2,pi/4,0.0068359375,0.5107421875,0.474609375,0.0078125,0.5,0.5,0.481298828125,0.517431640625,0.499365234375,-0.0361328125,0.0006535959243774413
B,26,"Case 3a(i) (PD), pure",pure,0.75,0.0,1.0,0.2,pi/4,0.005859375,0.5078125,0.4765625,0.009765625,0.5,0.5,0.48291015625,0.51416015625,0.49853515625,-0.03125,0.0004925727844238281
B,27,"Case 3a(i) (PD), pure",pure,0.75,0.0,1.0,0.2,pi/4,0.01171875,0.494140625,0.4912109375,0.0029296875,0.5,0.5,0.5005859375,0.503515625,0.50205078125,-0.0029296875,1.2702941894531433e-05
B,28,"Case 3a(i) (PD), pure",pure,0.75,0.0,1.0,0.2,pi/4,0.009765625,0.484375,0.494140625,0.01171875,0.5,0.5,0.50380859375,0.49404296875,0.49892578125,0.009765625,4.999160766601572e-05
B,29,"Case 3a(i) (PD), pure",pure,0.75,0.0,1.0,0.2,pi/4,0.0078125,0.4833984375,0.5,0.0087890625,0.5,0.5,0.5076171875,0.491015625,0.49931640624999996,0.016601562499999944,0.00013874053955078037
B,30,"Case 3a(i) (PD), pure",pure,0.75,0.0,1.0,0.2,pi/4,0.0009765625,0.513671875,0.4736328125,0.01171875,0.5,0.5,0.476708984375,0.516748046875,0.496728515625,-0.0400390625,0.0008229684829711918
B,31,"Case 3a(i) (PD), pure",pure,0.75,0.0,1.0,0.2,pi/4,0.00390625,0.4912109375,0.4990234375,0.005859375,0.5,0.5,0.503125,0.4953125,0.49921875000000004,0.007812500000000056,3.173828125000038e-05
B,32,"Case 3a(i) (PD), pure",pure,0.75,0.0,1.0,0.2,pi/4,0.0087890625,0.46875,0.515625,0.0068359375,0.5,0.5,0.523583984375,0.476708984375,0.500146484375,0.046875,0.0010986757278442384
B,33,"Case 3a(i) (PD), pure",pure,0.75,0.0,1.0,0.2,pi/4,0.0087890625,0.44921875,0.533203125,0.0087890625,0.5,0.5,0.541552734375,0.457568359375,0.49956054687499996,0.08398437499999994,0.0035270738601684525
B,34,"Case 3a(i) (PD), pure",pure,0.75,0.0,1.0,0.2,pi/4,0.0078125,0.494140625,0.4912109375,0.0068359375,0.5,0.5,0.4984375,0.5013671875,0.49990234375,-0.0029296875,4.310607910156259e-06
B,35,"Case 3a(i) (PD), pure",pure,0.75,0.0,1.0,0.2,pi/4,0.005859375,0.498046875,0.4892578125,0.0068359375,0.5,0.5,0.49501953125,0.50380859375,0.4994140625,-0.0087890625,3.931045532226568e-05
B,36,"Case 3a(i) (PD), pure",pure,0.75,0.0,1.0,0.2,pi/4,0.0087890625,0.5068359375,0.4765625,0.0078125,0.5,0.5,0.484716796875,0.514990234375,0.499853515625,-0.0302734375,0.00045828342437744137
B,37,"Case 3a(i) (PD), pure",pure,0.75,0.0,1.0,0.2,pi/4,0.0107421875,0.4970703125,0.48046875,0.01171875,0.5,0.5,0.490869140625,0.507470703125,0.499169921875,-0.0166015625,0.00013918399810791023
B,38,"Case 3a(i) (PD), pure",pure,0.75,0.0,1.0,0.2,pi/4,0.001953125,0.48828125,0.49609375,0.013671875,0.5,0.5,0.50029296875,0.49248046875,0.49638671874999996,0.0078124999999999445,5.662918090820293e-05
B,39,"Case 3a(i) (PD), pure",pure,0.75,0.0,1.0,0.2,pi/4,0.01171875,0.490234375,0.48828125,0.009765625,0.5,0.5,0.4990234375,0.5009765625,0.5,-0.001953125,1.9073486328125e-06
B,40,"Case 3a(i) (PD), pure",pure,0.75,0.0,1.0,0.2,pi/4,0.0087890625,0.4873046875,0.4970703125,0.0068359375,0.5,0.5,0.505029296875,0.495263671875,0.500146484375,0.009765625,4.772663116455077e-05
B,41,"Case 3a(i) (PD), pure",pure,0.75,0.0,1.0,0.2,pi/4,0.0087890625,0.48046875,0.5048828125,0.005859375,0.5,0.5,0.512646484375,0.488232421875,0.500439453125,0.024414062500000056,0.00029840946197509904
B,42,"Case 3a(i) (PD), pure",pure,0.75,0.0,1.0,0.2,pi/4,0.005859375,0.5263671875,0.458984375,0.0087890625,0.5,0.5,0.46513671875,0.53251953125,0.49882812499999996,-0.06738281249999994,0.0022729682922363243
B,43,"Case 3a(i) (PD), pure",pure,0.75,0.0,1.0,0.2,pi/4,0.0048828125,0.4951171875,0.4912109375,0.0087890625,0.5,0.5,0.496630859375,0.500537109375,0.49858398437499996,-0.0039062499999999445,1.163959503173816e-05
B,44,"Case 3a(i) (PD), pure",pure,0.75,0.0,1.0,0.2,pi/4,0.0107421875,0.486328125,0.4931640625,0.009765625,0.5,0.5,0.503173828125,0.496337890625,0.499755859375,0.0068359375,2.3484230041503906e-05
B,45,"Case 3a(i) (PD), pure",pure,0.75,0.0,1.0,0.2,pi/4,0.0087890625,0.4931640625,0.4912109375,0.0068359375,0.5,0.5,0.499169921875,0.501123046875,0.500146484375,-0.001953125,1.950263977050768e-06
B,46,"Case 3a(i) (PD), pure",pure,0.75,0.0,1.0,0.2,pi/4,0.0078125,0.50390625,0.4794921875,0.0087890625,0.5,0.5,0.487109375,0.5115234375,0.49931640624999996,-0.024414062499999944,0.00029895782470702997
B,47,"Case 3a(i) (PD), pure",pure,0.75,0.0,1.0,0.2,pi/4,0.0068359375,0.49609375,0.490234375,0.0068359375,0.5,0.5,0.496728515625,0.502587890625,0.499658203125,-0.005859375,1.7399787902832063e-05
B,48,"Case 3a(i) (PD), pure",pure,0.75,0.0,1.0,0.2,pi/4,0.009765625,0.4755859375,0.5048828125,0.009765625,0.5,0.5,0.51416015625,0.48486328125,0.49951171875,0.029296875,0.0004296302795410156
B,49,"Case 3a(i) (PD), pure",pure,0.75,0.0,1.0,0.2,pi/4,0.009765625,0.4921875,0.490234375,0.0078125,0.5,0.5,0.49912109375,0.50107421875,0.50009765625,-0.001953125,1.9264221191406335e-06
B,50,"Case 3a(i) (PD), pure",pure,0.75,0.0,1.0,0.2,pi/4,0.0087890625,0.482421875,0.498046875,0.0107421875,0.5,0.5,0.506787109375,0.491162109375,0.49897460937500004,0.015625000000000056,0.00012417316436767658
B,51,"Case 3a(i) (PD), pure",pure,0.75,0.0,1.0,0.2,pi/4,0.00390625,0.4736328125,0.5107421875,0.01171875,0.5,0.5,0.516015625,0.47890625,0.4974609375,0.037109375,0.0007014465332031252
B,52,"Case 3a(i) (PD), pure",pure,0.75,0.0,1.0,0.2,pi/4,0.0107421875,0.5185546875,0.4619140625,0.0087890625,0.5,0.5,0.471728515625,0.528369140625,0.500048828125,-0.056640624999999944,0.0016040849685668914
B,53,"Case 3a(i) (PD), pure",pure,0.75,0.0,1.0,0.2,pi/4,0.0078125,0.4931640625,0.4892578125,0.009765625,0.5,0.5,0.4970703125,0.5009765625,0.4990234375,-0.00390625,9.5367431640625e-06
B,54,"Case 3a(i) (PD), pure",pure,0.75,0.0,1.0,0.2,pi/4,0.0087890625,0.458984375,0.525390625,0.0068359375,0.5,0.5,0.533349609375,0.466943359375,0.500146484375,0.06640625,0.0022049379348754884
B,55,"Case 3a(i) (PD), pure",pure,0.75,0.0,1.0,0.2,pi/4,0.0107421875,0.5,0.486328125,0.0029296875,0.5,0.5,0.494970703125,0.508642578125,0.501806640625,-0.013671875,9.998798370361344e-05
B,56,"Case 3a(i) (PD), pure",pure,0.75,0.0,1.0,0.2,pi/4,0.0087890625,0.4599609375,0.5224609375,0.0087890625,0.5,0.5,0.530810546875,0.468310546875,0.49956054687499996,0.062499999999999944,0.0019535112380981413
B,57,"Case 3a(i) (PD), pure",pure,0.75,0.0,1.0,0.2,pi/4,0.01171875,0.4765625,0.50390625,0.0078125,0.5,0.5,0.5142578125,0.4869140625,0.5005859375,0.02734375,0.0003745269775390625
B,58,"Case 3a(i) (PD), pure",pure,0.75,0.0,1.0,0.2,pi/4,0.009765625,0.4794921875,0.5048828125,0.005859375,0.5,0.5,0.51337890625,0.48798828125,0.50068359375,0.025390625000000056,0.00032327651977539205
B,59,"Case 3a(i) (PD), pure",pure,0.75,0.0,1.0,0.2,pi/4,0.0107421875,0.4736328125,0.5068359375,0.0087890625,0.5,0.5,0.516650390625,0.483447265625,0.500048828125,0.033203124999999944,0.0005512285232543927
B,60,"Case 3a(i) (PD), pure",pure,0.75,0.0,1.0,0.2,pi/4,0.005859375,0.505859375,0.4775390625,0.0107421875,0.5,0.5,0.48408203125,0.51240234375,0.49824218750000004,-0.028320312500000056,0.0004071998596191421
B,61,"Case 3a(i) (PD), pure",pure,0.75,0.0,1.0,0.2,pi/4,0.0126953125,0.4765625,0.50390625,0.0068359375,0.5,0.5,0.514794921875,0.487451171875,0.501123046875,0.02734375,0.0003763628005981444
B,62,"Case 3a(i) (PD), pure",pure,0.75,0.0,1.0,0.2,pi/4,0.0078125,0.48828125,0.4951171875,0.0087890625,0.5,0.5,0.502734375,0.4958984375,0.49931640624999996,0.0068359374999999445,2.4299621582030915e-05
B,63,"Case 3a(i) (PD), pure",pure,0.75,0.0,1.0,0.2,pi/4,0.005859375,0.4833984375,0.5068359375,0.00390625,0.5,0.5,0.51201171875,0.48857421875,0.50029296875,0.023437499999999944,0.0002748298645019518
B,64,"Case 3a(i) (PD), pure",pure,0.75,0.0,1.0,0.2,pi/4,0.0068359375,0.494140625,0.4931640625,0.005859375,0.5,0.5,0.499462890625,0.500439453125,0.49995117187500004,-0.0009765625000000555,4.816055297852072e-07
B,65,"Case 3a(i) (PD), pure",pure,0.75,0.0,1.0,0.2,pi/4,0.00390625,0.4921875,0.4990234375,0.0048828125,0.5,0.5,0.5029296875,0.49609375,0.49951171875,0.0068359375,2.384185791015625e-05
B,66,"Case 3a(i) (PD), pure",pure,0.75,0.0,1.0,0.2,pi/4,0.0087890625,0.50390625,0.4755859375,0.01171875,0.5,0.5,0.484521484375,0.512841796875,0.498681640625,-0.0283203125,0.000404496192932129
B,67,"Case 3a(i) (PD), pure",pure,0.75,0.0,1.0,0.2,pi/4,0.0126953125,0.490234375,0.486328125,0.0107421875,0.5,0.5,0.497998046875,0.501904296875,0.49995117187500004,-0.0039062500000000555,7.634162902832245e-06
B,68,"Case 3a(i) (PD), pure",pure,0.75,0.0,1.0,0.2,pi/4,0.0078125,0.4814453125,0.5048828125,0.005859375,0.5,0.5,0.5119140625,0.4884765625,0.5001953125,0.023437500000000056,0.00027473449707031384
B,69,"Case 3a(i) (PD), pure",pure,0.75,0.0,1.0,0.2,pi/4,0.0078125,0.5048828125,0.4794921875,0.0078125,0.5,0.5,0.4869140625,0.5123046875,0.499609375,-0.025390625,0.00032264709472656244
B,70,"Case 3a(i) (PD), pure",pure,0.75,0.0,1.0,0.2,pi/4,0.0078125,0.494140625,0.4892578125,0.0087890625,0.5,0.5,0.496875,0.5017578125,0.49931640624999996,-0.0048828124999999445,1.2855529785156025e-05
B,71,"Case 3a(i) (PD), pure",pure,0.75,0.0,1.0,0.2,pi/4,0.0078125,0.4736328125,0.5107421875,0.0078125,0.5,0.5,0.5181640625,0.4810546875,0.499609375,0.037109375,0.0006888580322265624
B,72,"Case 3a(i) (PD), pure",pure,0.75,0.0,1.0,0.2,pi/4,0.0068359375,0.5087890625,0.47265625,0.01171875,0.5,0.5,0.480126953125,0.516259765625,0.498193359375,-0.0361328125,0.000659317970275879
B,73,"Case 3a(i) (PD), pure",pure,0.75,0.0,1.0,0.2,pi/4,0.009765625,0.4736328125,0.509765625,0.0068359375,0.5,0.5,0.51845703125,0.48232421875,0.500390625,0.0361328125,0.0006530952453613281
B,74,"Case 3a(i) (PD), pure",pure,0.75,0.0,1.0,0.2,pi/4,0.0029296875,0.4853515625,0.5009765625,0.0107421875,0.5,0.5,0.505322265625,0.489697265625,0.49750976562500004,0.015625000000000056,0.00013447284698486398
B,75,"Case 3a(i) (PD), pure",pure,0.75,0.0,1.0,0.2,pi/4,0.013671875,0.5048828125,0.474609375,0.0068359375,0.5,0.5,0.48623046875,0.51650390625,0.5013671875,-0.0302734375,0.0004619789123535155
B,76,"Case 3a(i) (PD), pure",pure,0.75,0.0,1.0,0.2,pi/4,0.009765625,0.498046875,0.48046875,0.01171875,0.5,0.5,0.49013671875,0.50771484375,0.49892578125,-0.017578125,0.00015680313110351572
B,77,"Case 3a(i) (PD), pure",pure,0.75,0.0,1.0,0.2,pi/4,0.0078125,0.51171875,0.474609375,0.005859375,0.5,0.5,0.481640625,0.51875,0.5001953125,-0.037109375000000056,0.0006886291503906271
B,78,"Case 3a(i) (PD), pure",pure,0.75,0.0,1.0,0.2,pi/4,0.0107421875,0.4853515625,0.494140625,0.009765625,0.5,0.5,0.504150390625,0.495361328125,0.499755859375,0.0087890625,3.8743019104003906e-05
B,79,"Case 3a(i) (PD), pure",pure,0.75,0.0,1.0,0.2,pi/4,0.0087890625,0.5107421875,0.47265625,0.0078125,0.5,0.5,0.480810546875,0.518896484375,0.499853515625,-0.0380859375,0.0007253122329711914
B,80,"Case 3a(i) (PD), pure",pure,0.75,0.0,1.0,0.2,pi/4,0.00390625,0.5126953125,0.4755859375,0.0078125,0.5,0.5,0.480078125,0.5171875,0.4986328125,-0.037109375,0.0006922912597656249
B,81,"Case 3a(i) (PD), pure",pure,0.75,0.0,1.0,0.2,pi/4,0.0048828125,0.490234375,0.4970703125,0.0078125,0.5,0.5,0.502294921875,0.495458984375,0.498876953125,0.0068359375,2.5887489318847558e-05
B,82,"Case 3a(i) (PD), pure",pure,0.75,0.0,1.0,0.2,pi/4,0.0126953125,0.4716796875,0.5087890625,0.0068359375,0.5,0.5,0.519677734375,0.482568359375,0.501123046875,0.037109375,0.0006910753250122069
B,83,"Case 3a(i) (PD), pure",pure,0.75,0.0,1.0,0.2,pi/4,0.0078125,0.486328125,0.5009765625,0.0048828125,0.5,0.5,0.5078125,0.4931640625,0.50048828125,0.0146484375,0.00010776519775390625
B,84,"Case 3a(i) (PD), pure",pure,0.75,0.0,1.0,0.2,pi/4,0.005859375,0.4951171875,0.48828125,0.0107421875,0.5,0.5,0.49482421875,0.50166015625,0.49824218750000004,-0.0068359375000000555,2.9544830322265886e-05
B,85,"Case 3a(i) (PD), pure",pure,0.75,0.0,1.0,0.2,pi/4,0.0087890625,0.5107421875,0.4736328125,0.0068359375,0.5,0.5,0.481591796875,0.518701171875,0.500146484375,-0.037109375,0.0006885957717895507
B,86,"Case 3a(i) (PD), pure",pure,0.75,0.0,1.0,0.2,pi/4,0.0068359375,0.4853515625,0.498046875,0.009765625,0.5,0.5,0.505126953125,0.492431640625,0.498779296875,0.0126953125,8.356571197509766e-05
B,87,"Case 3a(i) (PD), pure",pure,0.75,0.0,1.0,0.2,pi/4,0.0078125,0.5048828125,0.478515625,0.0087890625,0.5,0.5,0.4861328125,0.5125,0.49931640624999996,-0.026367187499999944,0.00034854888916015486
B,88,"Case 3a(i) (PD), pure",pure,0.75,0.0,1.0,0.2,pi/4,0.0068359375,0.5,0.48046875,0.0126953125,0.5,0.5,0.488134765625,0.507666015625,0.497900390625,-0.01953125,0.00019955158233642557
B,89,"Case 3a(i) (PD), pure",pure,0.75,0.0,1.0,0.2,pi/4,0.0048828125,0.5126953125,0.4736328125,0.0087890625,0.5,0.5,0.479052734375,0.518115234375,0.49858398437499996,-0.039062499999999944,0.0007669496536254863
B,90,"Case 3a(i) (PD), pure",pure,0.75,0.0,1.0,0.2,pi/4,0.009765625,0.4755859375,0.5078125,0.0068359375,0.5,0.5,0.51650390625,0.48427734375,0.500390625,0.0322265625,0.0005195808410644531
B,91,"Case 3a(i) (PD), pure",pure,0.75,0.0,1.0,0.2,pi/4,0.0126953125,0.4970703125,0.484375,0.005859375,0.5,0.5,0.495068359375,0.507763671875,0.501416015625,-0.012695312500000056,8.45956802368172e-05
B,92,"Case 3a(i) (PD), pure",pure,0.75,0.0,1.0,0.2,pi/4,0.0087890625,0.4560546875,0.5283203125,0.0068359375,0.5,0.5,0.536279296875,0.464013671875,0.500146484375,0.072265625,0.002611203193664551
B,93,"Case 3a(i) (PD), pure",pure,0.75,0.0,1.0,0.2,pi/4,0.0068359375,0.4921875,0.48828125,0.0126953125,0.5,0.5,0.495947265625,0.499853515625,0.497900390625,-0.00390625,1.6446113586425596e-05
B,94,"Case 3a(i) (PD), pure",pure,0.75,0.0,1.0,0.2,pi/4,0.0107421875,0.46875,0.51171875,0.0087890625,0.5,0.5,0.521533203125,0.478564453125,0.500048828125,0.042968749999999944,0.0009231615066528296
B,95,"Case 3a(i) (PD), pure",pure,0.75,0.0,1.0,0.2,pi/4,0.005859375,0.4775390625,0.5107421875,0.005859375,0.5,0.5,0.51630859375,0.48310546875,0.49970703125000004,0.033203125000000056,0.0005513954162597674
B,96,"Case 3a(i) (PD), pure",pure,0.75,0.0,1.0,0.2,pi/4,0.0048828125,0.4736328125,0.515625,0.005859375,0.5,0.5,0.520458984375,0.478466796875,0.49946289062500004,0.041992187500000056,0.0008822488784790062
B,97,"Case 3a(i) (PD), pure",pure,0.75,0.0,1.0,0.2,pi/4,0.009765625,0.513671875,0.4658203125,0.0107421875,0.5,0.5,0.47529296875,0.52314453125,0.49921875000000004,-0.047851562500000056,0.0011461067199707057
B,98,"Case 3a(i) (PD), pure",pure,0.75,0.0,1.0,0.2,pi/4,0.009765625,0.50390625,0.4765625,0.009765625,0.5,0.5,0.48583984375,0.51318359375,0.49951171875,-0.02734375,0.0003743171691894531
B,99,"Case 3a(i) (PD), pure",pure,0.75,0.0,1.0,0.2,pi/4,0.0087890625,0.5107421875,0.4775390625,0.0029296875,0.5,0.5,0.484716796875,0.517919921875,0.501318359375,-0.033203125,0.0005546998977661134
B,100,"Case 3a(i) (PD), pure",pure,0.75,0.0,1.0,0.2,pi/4,0.0087890625,0.4873046875,0.494140625,0.009765625,0.5,0.5,0.502685546875,0.495849609375,0.499267578125,0.0068359375,2.4437904357910156e-05
C,1,"Case 3a(ii) (PD), mixed",mixed reconstructed,0.875,0.0,1.0,0.375,pi/2,0.49609375,0.0185546875,0.0048828125,0.48046875,0.625,0.625,0.619140625,0.6328125,0.6259765625,-0.013671875,9.5367431640625e-05
C,2,"Case 3a(ii) (PD), mixed",mixed reconstructed,0.875,0.0,1.0,0.375,pi/2,0.4921875,0.0107421875,0.01171875,0.4853515625,0.625,0.625,0.6243896484375,0.6234130859375,0.6239013671875,0.0009765625,2.8908252716064453e-06
C,3,"Case 3a(ii) (PD), mixed",mixed reconstructed,0.875,0.0,1.0,0.375,pi/2,0.4921875,0.0126953125,0.0068359375,0.48828125,0.625,0.625,0.62060546875,0.62646484375,0.62353515625,-0.005859375,2.1457672119140625e-05
C,4,"Case 3a(ii) (PD), mixed",mixed reconstructed,0.875,0.0,1.0,0.375,pi/2,0.498046875,0.01171875,0.0087890625,0.4814453125,0.625,0.625,0.6251220703125,0.6280517578125,0.6265869140625,-0.0029296875,9.328126907348633e-06
C,5,"Case 3a(ii) (PD), mixed",mixed reconstructed,0.875,0.0,1.0,0.375,pi/2,0.4873046875,0.0126953125,0.009765625,0.490234375,0.625,0.625,0.6199951171875,0.6229248046875,0.6214599609375,-0.0029296875,2.9355287551879883e-05
C,6,"Case 3a(ii) (PD), mixed",mixed reconstructed,0.875,0.0,1.0,0.375,pi/2,0.494140625,0.0087890625,0.01171875,0.4853515625,0.625,0.625,0.6260986328125,0.6231689453125,0.6246337890625,0.0029296875,4.559755325317383e-06
C,7,"Case 3a(ii) (PD), mixed",mixed reconstructed,0.875,0.0,1.0,0.375,pi/2,0.498046875,0.01171875,0.005859375,0.484375,0.625,0.625,0.623291015625,0.629150390625,0.626220703125,-0.005859375,2.014636993408203e-05
C,8,"Case 3a(ii) (PD), mixed",mixed reconstructed,0.875,0.0,1.0,0.375,pi/2,0.494140625,0.017578125,0.009765625,0.478515625,0.625,0.625,0.62158203125,0.62939453125,0.62548828125,-0.0078125,3.0994415283203125e-05
C,9,"Case 3a(ii) (PD), mixed",mixed reconstructed,0.875,0.0,1.0,0.375,pi/2,0.5009765625,0.0087890625,0.0078125,0.482421875,0.625,0.625,0.6270751953125,0.6280517578125,0.6275634765625,-0.0009765625,1.3619661331176758e-05
C,10,"Case 3a(ii) (PD), mixed",mixed reconstructed,0.875,0.0,1.0,0.375,pi/2,0.4892578125,0.0185546875,0.013671875,0.478515625,0.625,0.625,0.6212158203125,0.6260986328125,0.6236572265625,-0.0048828125,1.5527009963989258e-05
C,11,"Case 3a(ii) (PD), mixed",mixed reconstructed,0.875,0.0,1.0,0.375,pi/2,0.501953125,0.0126953125,0.005859375,0.4794921875,0.625,0.625,0.6248779296875,0.6317138671875,0.6282958984375,-0.0068359375,4.509091377258301e-05
C,12,"Case 3a(ii) (PD), mixed",mixed reconstructed,0.875,0.0,1.0,0.375,pi/2,0.498046875,0.009765625,0.0087890625,0.4833984375,0.625,0.625,0.6258544921875,0.6268310546875,0.6263427734375,-0.0009765625,4.082918167114258e-06
C,13,"Case 3a(ii) (PD), mixed",mixed reconstructed,0.875,0.0,1.0,0.375,pi/2,0.4990234375,0.009765625,0.0087890625,0.482421875,0.625,0.625,0.6263427734375,0.6273193359375,0.6268310546875,-0.0009765625,7.18235969543457e-06
C,14,"Case 3a(ii) (PD), mixed",mixed reconstructed,0.875,0.0,1.0,0.375,pi/2,0.494140625,0.0107421875,0.005859375,0.4892578125,0.625,0.625,0.6217041015625,0.6265869140625,0.6241455078125,-0.0048828125,1.3381242752075195e-05
C,15,"Case 3a(ii) (PD), mixed",mixed reconstructed,0.875,0.0,1.0,0.375,pi/2,0.5029296875,0.009765625,0.005859375,0.4814453125,0.625,0.625,0.62646484375,0.63037109375,0.62841796875,-0.00390625,3.0994415283203125e-05
C,16,"Case 3a(ii) (PD), mixed",mixed reconstructed,0.875,0.0,1.0,0.375,pi/2,0.5009765625,0.009765625,0.0087890625,0.48046875,0.625,0.625,0.6273193359375,0.6282958984375,0.6278076171875,-0.0009765625,1.6242265701293945e-05
C,17,"Case 3a(ii) (PD), mixed",mixed reconstructed,0.875,0.0,1.0,0.375,pi/2,0.4921875,0.0146484375,0.0087890625,0.484375,0.625,0.625,0.62109375,0.626953125,0.6240234375,-0.005859375,1.9073486328125e-05
C,18,"Case 3a(ii) (PD), mixed",mixed reconstructed,0.875,0.0,1.0,0.375,pi/2,0.49609375,0.0126953125,0.0078125,0.4833984375,0.625,0.625,0.6231689453125,0.6280517578125,0.6256103515625,-0.0048828125,1.2665987014770508e-05
C,19,"Case 3a(ii) (PD), mixed",mixed reconstructed,0.875,0.0,1.0,0.375,pi/2,0.4931640625,0.01171875,0.0107421875,0.484375,0.625,0.625,0.6239013671875,0.6248779296875,0.6243896484375,-0.0009765625,1.2218952178955078e-06
C,20,"Case 3a(ii) (PD), mixed",mixed reconstructed,0.875,0.0,1.0,0.375,pi/2,0.494140625,0.0107421875,0.0107421875,0.484375,0.625,0.625,0.624755859375,0.624755859375,0.624755859375,0.0,1.1920928955078125e-07
C,21,"Case 3a(ii) (PD), mixed",mixed reconstructed,0.875,0.0,1.0,0.375,pi/2,0.4921875,0.0166015625,0.0029296875,0.48828125,0.625,0.625,0.61669921875,0.63037109375,0.62353515625,-0.013671875,9.775161743164062e-05
C,22,"Case 3a(ii) (PD), mixed",mixed reconstructed,0.875,0.0,1.0,0.375,pi/2,0.4951171875,0.0146484375,0.0087890625,0.4814453125,0.625,0.625,0.62255859375,0.62841796875,0.62548828125,-0.005859375,1.7642974853515625e-05
C,23,"Case 3a(ii) (PD), mixed",mixed reconstructed,0.875,0.0,1.0,0.375,pi/2,0.5,0.0087890625,0.01171875,0.4794921875,0.625,0.625,0.6290283203125,0.6260986328125,0.6275634765625,0.0029296875,1.7434358596801758e-05
C,24,"Case 3a(ii) (PD), mixed",mixed reconstructed,0.875,0.0,1.0,0.375,pi/2,0.4921875,0.0146484375,0.0126953125,0.48046875,0.625,0.625,0.62353515625,0.62548828125,0.62451171875,-0.001953125,2.384185791015625e-06
C,25,"Case 3a(ii) (PD), mixed",mixed reconstructed,0.875,0.0,1.0,0.375,pi/2,0.4912109375,0.015625,0.01171875,0.4814453125,0.625,0.625,0.6220703125,0.6259765625,0.6240234375,-0.00390625,9.5367431640625e-06
C,26,"Case 3a(ii) (PD), mixed",mixed reconstructed,0.875,0.0,1.0,0.375,pi/2,0.5048828125,0.0078125,0.0048828125,0.482421875,0.625,0.625,0.6275634765625,0.6304931640625,0.6290283203125,-0.0029296875,3.674626350402832e-05
C,27,"Case 3a(ii) (PD), mixed",mixed reconstructed,0.875,0.0,1.0,0.375,pi/2,0.4951171875,0.0068359375,0.0078125,0.490234375,0.625,0.625,0.6248779296875,0.6239013671875,0.6243896484375,0.0009765625,1.2218952178955078e-06
C,28,"Case 3a(ii) (PD), mixed",mixed reconstructed,0.875,0.0,1.0,0.375,pi/2,0.4970703125,0.0126953125,0.0107421875,0.4794921875,0.625,0.625,0.62548828125,0.62744140625,0.62646484375,-0.001953125,6.198883056640625e-06
C,29,"Case 3a(ii) (PD), mixed",mixed reconstructed,0.875,0.0,1.0,0.375,pi/2,0.494140625,0.015625,0.01171875,0.478515625,0.625,0.625,0.62353515625,0.62744140625,0.62548828125,-0.00390625,8.106231689453125e-06
C,30,"Case 3a(ii) (PD), mixed",mixed reconstructed,0.875,0.0,1.0,0.375,pi/2,0.486328125,0.0185546875,0.009765625,0.4853515625,0.625,0.625,0.6173095703125,0.6260986328125,0.6217041015625,-0.0087890625,6.034970283508301e-05
C,31,"Case 3a(ii) (PD), mixed",mixed reconstructed,0.875,0.0,1.0,0.375,pi/2,0.4970703125,0.0166015625,0.0087890625,0.4775390625,0.625,0.625,0.622802734375,0.630615234375,0.626708984375,-0.0078125,3.635883331298828e-05
C,32,"Case 3a(ii) (PD), mixed",mixed reconstructed,0.875,0.0,1.0,0.375,pi/2,0.498046875,0.0068359375,0.0087890625,0.486328125,0.625,0.625,0.626953125,0.625,0.6259765625,0.001953125,3.814697265625e-06
C,33,"Case 3a(ii) (PD), mixed",mixed reconstructed,0.875,0.0,1.0,0.375,pi/2,0.498046875,0.0087890625,0.0126953125,0.48046875,0.625,0.625,0.628662109375,0.624755859375,0.626708984375,0.00390625,1.3470649719238281e-05
C,34,"Case 3a(ii) (PD), mixed",mixed reconstructed,0.875,0.0,1.0,0.375,pi/2,0.49609375,0.0087890625,0.009765625,0.4853515625,0.625,0.625,0.6258544921875,0.6248779296875,0.6253662109375,0.0009765625,7.450580596923828e-07
C,35,"Case 3a(ii) (PD), mixed",mixed reconstructed,0.875,0.0,1.0,0.375,pi/2,0.4970703125,0.0126953125,0.0048828125,0.4853515625,0.625,0.625,0.621826171875,0.629638671875,0.625732421875,-0.0078125,3.159046173095703e-05
C,36,"Case 3a(ii) (PD), mixed",mixed reconstructed,0.875,0.0,1.0,0.375,pi/2,0.49609375,0.0107421875,0.009765625,0.4833984375,0.625,0.625,0.6251220703125,0.6260986328125,0.6256103515625,-0.0009765625,1.2218952178955078e-06
C,37,"Case 3a(ii) (PD), mixed",mixed reconstructed,0.875,0.0,1.0,0.375,pi/2,0.4951171875,0.0146484375,0.0087890625,0.4814453125,0.625,0.625,0.62255859375,0.62841796875,0.62548828125,-0.005859375,1.7642974853515625e-05
C,38,"Case 3a(ii) (PD), mixed",mixed reconstructed,0.875,0.0,1.0,0.375,pi/2,0.4931640625,0.0107421875,0.01171875,0.484375,0.625,0.625,0.6248779296875,0.6239013671875,0.6243896484375,0.0009765625,1.2218952178955078e-06
C,39,"Case 3a(ii) (PD), mixed",mixed reconstructed,0.875,0.0,1.0,0.375,pi/2,0.4873046875,0.0126953125,0.0166015625,0.4833984375,0.625,0.625,0.624267578125,0.620361328125,0.622314453125,0.00390625,2.205371856689453e-05
C,40,"Case 3a(ii) (PD), mixed",mixed reconstructed,0.875,0.0,1.0,0.375,pi/2,0.4970703125,0.0107421875,0.0146484375,0.4775390625,0.625,0.625,0.628662109375,0.624755859375,0.626708984375,0.00390625,1.3470649719238281e-05
C,41,"Case 3a(ii) (PD), mixed",mixed reconstructed,0.875,0.0,1.0,0.375,pi/2,0.490234375,0.013671875,0.0078125,0.48828125,0.625,0.625,0.619873046875,0.625732421875,0.622802734375,-0.005859375,2.682209014892578e-05
C,42,"Case 3a(ii) (PD), mixed",mixed reconstructed,0.875,0.0,1.0,0.375,pi/2,0.49609375,0.0126953125,0.0126953125,0.478515625,0.625,0.625,0.626220703125,0.626220703125,0.626220703125,0.0,2.9802322387695312e-06
C,43,"Case 3a(ii) (PD), mixed",mixed reconstructed,0.875,0.0,1.0,0.375,pi/2,0.49609375,0.0087890625,0.0087890625,0.486328125,0.625,0.625,0.625244140625,0.625244140625,0.625244140625,0.0,1.1920928955078125e-07
C,44,"Case 3a(ii) (PD), mixed",mixed reconstructed,0.875,0.0,1.0,0.375,pi/2,0.498046875,0.0146484375,0.009765625,0.4775390625,0.625,0.625,0.6246337890625,0.6295166015625,0.6270751953125,-0.0048828125,2.053380012512207e-05
C,45,"Case 3a(ii) (PD), mixed",mixed reconstructed,0.875,0.0,1.0,0.375,pi/2,0.4970703125,0.0087890625,0.0107421875,0.4833984375,0.625,0.625,0.626953125,0.625,0.6259765625,0.001953125,3.814697265625e-06
C,46,"Case 3a(ii) (PD), mixed",mixed reconstructed,0.875,0.0,1.0,0.375,pi/2,0.4931640625,0.0185546875,0.009765625,0.478515625,0.625,0.625,0.6207275390625,0.6295166015625,0.6251220703125,-0.0087890625,3.865361213684082e-05
C,47,"Case 3a(ii) (PD), mixed",mixed reconstructed,0.875,0.0,1.0,0.375,pi/2,0.4931640625,0.01171875,0.0107421875,0.484375,0.625,0.625,0.6239013671875,0.6248779296875,0.6243896484375,-0.0009765625,1.2218952178955078e-06
C,48,"Case 3a(ii) (PD), mixed",mixed reconstructed,0.875,0.0,1.0,0.375,pi/2,0.501953125,0.009765625,0.0068359375,0.4814453125,0.625,0.625,0.6265869140625,0.6295166015625,0.6280517578125,-0.0029296875,2.2917985916137695e-05
C,49,"Case 3a(ii) (PD), mixed",mixed reconstructed,0.875,0.0,1.0,0.375,pi/2,0.4951171875,0.0126953125,0.005859375,0.486328125,0.625,0.625,0.6214599609375,0.6282958984375,0.6248779296875,-0.0068359375,2.339482307434082e-05
C,50,"Case 3a(ii) (PD), mixed",mixed reconstructed,0.875,0.0,1.0,0.375,pi/2,0.49609375,0.01171875,0.0087890625,0.4833984375,0.625,0.625,0.6241455078125,0.6270751953125,0.6256103515625,-0.0029296875,5.036592483520508e-06
C,51,"Case 3a(ii) (PD), mixed",mixed reconstructed,0.875,0.0,1.0,0.375,pi/2,0.4990234375,0.009765625,0.0078125,0.4833984375,0.625,0.625,0.625732421875,0.627685546875,0.626708984375,-0.001953125,7.748603820800781e-06
C,52,"Case 3a(ii) (PD), mixed",mixed reconstructed,0.875,0.0,1.0,0.375,pi/2,0.4951171875,0.009765625,0.0048828125,0.490234375,0.625,0.625,0.6219482421875,0.6268310546875,0.6243896484375,-0.0048828125,1.2665987014770508e-05
C,53,"Case 3a(ii) (PD), mixed",mixed reconstructed,0.875,0.0,1.0,0.375,pi/2,0.4970703125,0.0126953125,0.0087890625,0.4814453125,0.625,0.625,0.624267578125,0.628173828125,0.626220703125,-0.00390625,1.0609626770019531e-05
C,54,"Case 3a(ii) (PD), mixed",mixed reconstructed,0.875,0.0,1.0,0.375,pi/2,0.5,0.0146484375,0.0048828125,0.48046875,0.625,0.625,0.62255859375,0.63232421875,0.62744140625,-0.009765625,5.9604644775390625e-05
C,55,"Case 3a(ii) (PD), mixed",mixed reconstructed,0.875,0.0,1.0,0.375,pi/2,0.494140625,0.015625,0.01171875,0.478515625,0.625,0.625,0.62353515625,0.62744140625,0.62548828125,-0.00390625,8.106231689453125e-06
C,56,"Case 3a(ii) (PD), mixed",mixed reconstructed,0.875,0.0,1.0,0.375,pi/2,0.4990234375,0.0126953125,0.0087890625,0.4794921875,0.625,0.625,0.625244140625,0.629150390625,0.627197265625,-0.00390625,1.728534698486328e-05
C,57,"Case 3a(ii) (PD), mixed",mixed reconstructed,0.875,0.0,1.0,0.375,pi/2,0.4921875,0.0146484375,0.0107421875,0.482421875,0.625,0.625,0.622314453125,0.626220703125,0.624267578125,-0.00390625,8.702278137207031e-06
C,58,"Case 3a(ii) (PD), mixed",mixed reconstructed,0.875,0.0,1.0,0.375,pi/2,0.4951171875,0.0126953125,0.013671875,0.478515625,0.625,0.625,0.6263427734375,0.6253662109375,0.6258544921875,0.0009765625,1.9371509552001953e-06
C,59,"Case 3a(ii) (PD), mixed",mixed reconstructed,0.875,0.0,1.0,0.375,pi/2,0.4931640625,0.009765625,0.0078125,0.4892578125,0.625,0.625,0.622802734375,0.624755859375,0.623779296875,-0.001953125,4.887580871582031e-06
C,60,"Case 3a(ii) (PD), mixed",mixed reconstructed,0.875,0.0,1.0,0.375,pi/2,0.498046875,0.0087890625,0.0078125,0.4853515625,0.625,0.625,0.6256103515625,0.6265869140625,0.6260986328125,-0.0009765625,2.8908252716064453e-06
C,61,"Case 3a(ii) (PD), mixed",mixed reconstructed,0.875,0.0,1.0,0.375,pi/2,0.4892578125,0.01171875,0.009765625,0.4892578125,0.625,0.625,0.621337890625,0.623291015625,0.622314453125,-0.001953125,1.633167266845703e-05
C,62,"Case 3a(ii) (PD), mixed",mixed reconstructed,0.875,0.0,1.0,0.375,pi/2,0.4931640625,0.0126953125,0.01171875,0.482421875,0.625,0.625,0.6241455078125,0.6251220703125,0.6246337890625,-0.0009765625,7.450580596923828e-07
C,63,"Case 3a(ii) (PD), mixed",mixed reconstructed,0.875,0.0,1.0,0.375,pi/2,0.4951171875,0.0126953125,0.0126953125,0.4794921875,0.625,0.625,0.625732421875,0.625732421875,0.625732421875,0.0,1.0728836059570312e-06
C,64,"Case 3a(ii) (PD), mixed",mixed reconstructed,0.875,0.0,1.0,0.375,pi/2,0.4931640625,0.015625,0.001953125,0.4892578125,0.625,0.625,0.616943359375,0.630615234375,0.623779296875,-0.013671875,9.644031524658203e-05
C,65,"Case 3a(ii) (PD), mixed",mixed reconstructed,0.875,0.0,1.0,0.375,pi/2,0.49609375,0.0078125,0.0068359375,0.4892578125,0.625,0.625,0.6243896484375,0.6253662109375,0.6248779296875,-0.0009765625,5.066394805908203e-07
C,66,"Case 3a(ii) (PD), mixed",mixed reconstructed,0.875,0.0,1.0,0.375,pi/2,0.4970703125,0.0029296875,0.0126953125,0.4873046875,0.625,0.625,0.63037109375,0.62060546875,0.62548828125,0.009765625,4.8160552978515625e-05
C,67,"Case 3a(ii) (PD), mixed",mixed reconstructed,0.875,0.0,1.0,0.375,pi/2,0.4990234375,0.013671875,0.0087890625,0.478515625,0.625,0.625,0.6248779296875,0.6297607421875,0.6273193359375,-0.0048828125,2.2679567337036133e-05
C,68,"Case 3a(ii) (PD), mixed",mixed reconstructed,0.875,0.0,1.0,0.375,pi/2,0.4892578125,0.017578125,0.005859375,0.4873046875,0.625,0.625,0.61669921875,0.62841796875,0.62255859375,-0.01171875,8.058547973632812e-05
C,69,"Case 3a(ii) (PD), mixed",mixed reconstructed,0.875,0.0,1.0,0.375,pi/2,0.4931640625,0.0146484375,0.00390625,0.48828125,0.625,0.625,0.6185302734375,0.6292724609375,0.6239013671875,-0.0107421875,6.0111284255981445e-05
C,70,"Case 3a(ii) (PD), mixed",mixed reconstructed,0.875,0.0,1.0,0.375,pi/2,0.4970703125,0.013671875,0.0087890625,0.48046875,0.625,0.625,0.6239013671875,0.6287841796875,0.6263427734375,-0.0048828125,1.5527009963989258e-05
C,71,"Case 3a(ii) (PD), mixed",mixed reconstructed,0.875,0.0,1.0,0.375,pi/2,0.4921875,0.01953125,0.0087890625,0.4794921875,0.625,0.625,0.6192626953125,0.6300048828125,0.6246337890625,-0.0107421875,5.796551704406738e-05
C,72,"Case 3a(ii) (PD), mixed",mixed reconstructed,0.875,0.0,1.0,0.375,pi/2,0.5,0.0126953125,0.0029296875,0.484375,0.625,0.625,0.6220703125,0.6318359375,0.626953125,-0.009765625,5.53131103515625e-05
C,73,"Case 3a(ii) (PD), mixed",mixed reconstructed,0.875,0.0,1.0,0.375,pi/2,0.49609375,0.01171875,0.0068359375,0.4853515625,0.625,0.625,0.6229248046875,0.6278076171875,0.6253662109375,-0.0048828125,1.2189149856567383e-05
C,74,"Case 3a(ii) (PD), mixed",mixed reconstructed,0.875,0.0,1.0,0.375,pi/2,0.4951171875,0.009765625,0.0078125,0.4873046875,0.625,0.625,0.623779296875,0.625732421875,0.624755859375,-0.001953125,2.0265579223632812e-06
C,75,"Case 3a(ii) (PD), mixed",mixed reconstructed,0.875,0.0,1.0,0.375,pi/2,0.4892578125,0.0146484375,0.0078125,0.48828125,0.625,0.625,0.6190185546875,0.6258544921875,0.6224365234375,-0.0068359375,3.650784492492676e-05
C,76,"Case 3a(ii) (PD), mixed",mixed reconstructed,0.875,0.0,1.0,0.375,pi/2,0.4912109375,0.0126953125,0.0087890625,0.4873046875,0.625,0.625,0.621337890625,0.625244140625,0.623291015625,-0.00390625,1.3470649719238281e-05
C,77,"Case 3a(ii) (PD), mixed",mixed reconstructed,0.875,0.0,1.0,0.375,pi/2,0.4970703125,0.01171875,0.01171875,0.4794921875,0.625,0.625,0.62646484375,0.62646484375,0.62646484375,0.0,4.291534423828125e-06
C,78,"Case 3a(ii) (PD), mixed",mixed reconstructed,0.875,0.0,1.0,0.375,pi/2,0.4970703125,0.013671875,0.009765625,0.4794921875,0.625,0.625,0.62451171875,0.62841796875,0.62646484375,-0.00390625,1.1920928955078125e-05
C,79,"Case 3a(ii) (PD), mixed",mixed reconstructed,0.875,0.0,1.0,0.375,pi/2,0.4970703125,0.0107421875,0.009765625,0.482421875,0.625,0.625,0.6256103515625,0.6265869140625,0.6260986328125,-0.0009765625,2.8908252716064453e-06
C,80,"Case 3a(ii) (PD), mixed",mixed reconstructed,0.875,0.0,1.0,0.375,pi/2,0.4912109375,0.0166015625,0.009765625,0.482421875,0.625,0.625,0.6204833984375,0.6273193359375,0.6239013671875,-0.0068359375,2.5779008865356445e-05
C,81,"Case 3a(ii) (PD), mixed",mixed reconstructed,0.875,0.0,1.0,0.375,pi/2,0.4921875,0.0146484375,0.013671875,0.4794921875,0.625,0.625,0.6241455078125,0.6251220703125,0.6246337890625,-0.0009765625,7.450580596923828e-07
C,82,"Case 3a(ii) (PD), mixed",mixed reconstructed,0.875,0.0,1.0,0.375,pi/2,0.4990234375,0.0078125,0.0087890625,0.484375,0.625,0.625,0.6270751953125,0.6260986328125,0.6265869140625,0.0009765625,5.513429641723633e-06
C,83,"Case 3a(ii) (PD), mixed",mixed reconstructed,0.875,0.0,1.0,0.375,pi/2,0.4921875,0.0126953125,0.0107421875,0.484375,0.625,0.625,0.623046875,0.625,0.6240234375,-0.001953125,3.814697265625e-06
C,84,"Case 3a(ii) (PD), mixed",mixed reconstructed,0.875,0.0,1.0,0.375,pi/2,0.4912109375,0.01171875,0.01171875,0.4853515625,0.625,0.625,0.62353515625,0.62353515625,0.62353515625,0.0,4.291534423828125e-06
C,85,"Case 3a(ii) (PD), mixed",mixed reconstructed,0.875,0.0,1.0,0.375,pi/2,0.4921875,0.0166015625,0.0078125,0.4833984375,0.625,0.625,0.6197509765625,0.6285400390625,0.6241455078125,-0.0087890625,4.0084123611450195e-05
C,86,"Case 3a(ii) (PD), mixed",mixed reconstructed,0.875,0.0,1.0,0.375,pi/2,0.4912109375,0.013671875,0.0126953125,0.482421875,0.625,0.625,0.6234130859375,0.6243896484375,0.6239013671875,-0.0009765625,2.8908252716064453e-06
C,87,"Case 3a(ii) (PD), mixed",mixed reconstructed,0.875,0.0,1.0,0.375,pi/2,0.4951171875,0.0146484375,0.013671875,0.4765625,0.625,0.625,0.6256103515625,0.6265869140625,0.6260986328125,-0.0009765625,2.8908252716064453e-06
C,88,"Case 3a(ii) (PD), mixed",mixed reconstructed,0.875,0.0,1.0,0.375,pi/2,0.494140625,0.0126953125,0.0146484375,0.478515625,0.625,0.625,0.62646484375,0.62451171875,0.62548828125,0.001953125,2.384185791015625e-06
C,89,"Case 3a(ii) (PD), mixed",mixed reconstructed,0.875,0.0,1.0,0.375,pi/2,0.4951171875,0.0078125,0.0126953125,0.484375,0.625,0.625,0.6275634765625,0.6226806640625,0.6251220703125,0.0048828125,1.195073127746582e-05
C,90,"Case 3a(ii) (PD), mixed",mixed reconstructed,0.875,0.0,1.0,0.375,pi/2,0.494140625,0.01171875,0.0087890625,0.4853515625,0.625,0.625,0.6231689453125,0.6260986328125,0.6246337890625,-0.0029296875,4.559755325317383e-06
C,91,"Case 3a(ii) (PD), mixed",mixed reconstructed,0.875,0.0,1.0,0.375,pi/2,0.49609375,0.009765625,0.0107421875,0.4833984375,0.625,0.625,0.6260986328125,0.6251220703125,0.6256103515625,0.0009765625,1.2218952178955078e-06
C,92,"Case 3a(ii) (PD), mixed",mixed reconstructed,0.875,0.0,1.0,0.375,pi/2,0.4921875,0.0126953125,0.009765625,0.4853515625,0.625,0.625,0.6224365234375,0.6253662109375,0.6239013671875,-0.0029296875,6.705522537231445e-06
C,93,"Case 3a(ii) (PD), mixed",mixed reconstructed,0.875,0.0,1.0,0.375,pi/2,0.4951171875,0.0146484375,0.0048828125,0.4853515625,0.625,0.625,0.6201171875,0.6298828125,0.625,-0.009765625,4.76837158203125e-05
C,94,"Case 3a(ii) (PD), mixed",mixed reconstructed,0.875,0.0,1.0,0.375,pi/2,0.4970703125,0.005859375,0.0087890625,0.48828125,0.625,0.625,0.6268310546875,0.6239013671875,0.6253662109375,0.0029296875,4.559755325317383e-06
C,95,"Case 3a(ii) (PD), mixed",mixed reconstructed,0.875,0.0,1.0,0.375,pi/2,0.4931640625,0.0126953125,0.0048828125,0.4892578125,0.625,0.625,0.619873046875,0.627685546875,0.623779296875,-0.0078125,3.349781036376953e-05
C,96,"Case 3a(ii) (PD), mixed",mixed reconstructed,0.875,0.0,1.0,0.375,pi/2,0.498046875,0.0126953125,0.0078125,0.4814453125,0.625,0.625,0.6241455078125,0.6290283203125,0.6265869140625,-0.0048828125,1.6957521438598633e-05
C,97,"Case 3a(ii) (PD), mixed",mixed reconstructed,0.875,0.0,1.0,0.375,pi/2,0.494140625,0.0107421875,0.0107421875,0.484375,0.625,0.625,0.624755859375,0.624755859375,0.624755859375,0.0,1.1920928955078125e-07
C,98,"Case 3a(ii) (PD), mixed",mixed reconstructed,0.875,0.0,1.0,0.375,pi/2,0.4970703125,0.01171875,0.0087890625,0.482421875,0.625,0.625,0.6246337890625,0.6275634765625,0.6260986328125,-0.0029296875,6.705522537231445e-06
C,99,"Case 3a(ii) (PD), mixed",mixed reconstructed,0.875,0.0,1.0,0.375,pi/2,0.4951171875,0.0185546875,0.0107421875,0.4755859375,0.625,0.625,0.622314453125,0.630126953125,0.626220703125,-0.0078125,3.349781036376953e-05
C,100,"Case 3a(ii) (PD), mixed",mixed reconstructed,0.875,0.0,1.0,0.375,pi/2,0.490234375,0.0126953125,0.0126953125,0.484375,0.625,0.625,0.623291015625,0.623291015625,0.623291015625,0.0,5.841255187988281e-06
